<?xml version="1.0" encoding="UTF-8"?>
<!DOCTYPE suite SYSTEM "https://testng.org/testng-1.0.dtd">
<suite name="Suite1">
  <test thread-count="5" name="Test1">
  <parameter name="url" value="http://44.207.25.64/instance/"></parameter>
  <parameter name="userName" value="vamsin@logandata.com"></parameter>
  <parameter name="Password" value="Y@shvin$123"></parameter>
  <parameter name="Deploymmenttype" value="newconnector"></parameter>
  <parameter name="connectorName" value="Informatica"></parameter>
  <parameter name="pathofthefolder" value="C:\Users\anand\Downloads\Section8.zip"></parameter>
    <classes>
      <class name="com.alation.tests.Deployingtest"/>
    </classes>
  </test> <!-- Test1 -->
</suite> <!-- Suite1 -->
